-- Du lieu mau de test cac module a -> k

INSERT INTO tblAccount (fullName, email, password, phone, address, role, status, avatarUrl) VALUES
('Quan tri vien', 'admin@ptit.edu.vn', 'pbkdf2$65536$cG1hcmtldGFkbWluMjAyNg==$ty8LVtBu8Ga3DIpup00nJYZKthuX5FLf4yB2eudw2a4=', '0900000001', 'PTIT', 'admin', 'ACTIVE', ''),
('Nguoi dung thuong', 'user01@stu.ptit.edu.vn', 'pbkdf2$65536$cG1hcmtldHN0dWRlbnQyNg==$8eK8eC/i/fnPKuTm6e/omMuNy/ZjWsgL7r6GEgb/6ec=', '0900000002', 'Ha Noi', 'member', 'ACTIVE', ''),
('Nguyen Van Anh', 'anhnv.b21ce009@stu.ptit.edu.vn', 'pbkdf2$65536$cG1hcmtldHN0dWRlbnQyNg==$8eK8eC/i/fnPKuTm6e/omMuNy/ZjWsgL7r6GEgb/6ec=', '0912345678', 'Ha Noi', 'member', 'ACTIVE', ''),
('Tran Thi Binh', 'binhtt.b22ce001@stu.ptit.edu.vn', 'pbkdf2$65536$cG1hcmtldHN0dWRlbnQyNg==$8eK8eC/i/fnPKuTm6e/omMuNy/ZjWsgL7r6GEgb/6ec=', '0923456789', 'Ha Noi', 'member', 'ACTIVE', ''),
('Le Van Cuong', 'cuonglv.b21ce010@stu.ptit.edu.vn', 'pbkdf2$65536$cG1hcmtldHN0dWRlbnQyNg==$8eK8eC/i/fnPKuTm6e/omMuNy/ZjWsgL7r6GEgb/6ec=', '0934567890', 'Hai Phong', 'member', 'LOCKED', ''),
('Pham Mai Phuong', 'phuongpm.b22cn101@stu.ptit.edu.vn', 'pbkdf2$65536$cG1hcmtldHN0dWRlbnQyNg==$8eK8eC/i/fnPKuTm6e/omMuNy/ZjWsgL7r6GEgb/6ec=', '0941000001', 'Ha Noi', 'member', 'ACTIVE', ''),
('Do Minh Khang', 'khangdm.b21at012@stu.ptit.edu.vn', 'pbkdf2$65536$cG1hcmtldHN0dWRlbnQyNg==$8eK8eC/i/fnPKuTm6e/omMuNy/ZjWsgL7r6GEgb/6ec=', '0941000002', 'Bac Ninh', 'member', 'ACTIVE', ''),
('Vu Hoang Nam', 'namvh.b20cn045@stu.ptit.edu.vn', 'pbkdf2$65536$cG1hcmtldHN0dWRlbnQyNg==$8eK8eC/i/fnPKuTm6e/omMuNy/ZjWsgL7r6GEgb/6ec=', '0941000003', 'Nam Dinh', 'member', 'ACTIVE', ''),
('Nguyen Thu Ha', 'hant.b23cn090@stu.ptit.edu.vn', 'pbkdf2$65536$cG1hcmtldHN0dWRlbnQyNg==$8eK8eC/i/fnPKuTm6e/omMuNy/ZjWsgL7r6GEgb/6ec=', '0941000004', 'Ha Noi', 'member', 'ACTIVE', ''),
('Tran Gia Bao', 'baotg.b22at033@stu.ptit.edu.vn', 'pbkdf2$65536$cG1hcmtldHN0dWRlbnQyNg==$8eK8eC/i/fnPKuTm6e/omMuNy/ZjWsgL7r6GEgb/6ec=', '0941000005', 'Thai Binh', 'member', 'ACTIVE', ''),
('Le Minh Chau', 'chaulm.b21cn066@stu.ptit.edu.vn', 'pbkdf2$65536$cG1hcmtldHN0dWRlbnQyNg==$8eK8eC/i/fnPKuTm6e/omMuNy/ZjWsgL7r6GEgb/6ec=', '0941000006', 'Hung Yen', 'member', 'ACTIVE', ''),
('Hoang Duc Anh', 'anhhd.b23cn122@stu.ptit.edu.vn', 'pbkdf2$65536$cG1hcmtldHN0dWRlbnQyNg==$8eK8eC/i/fnPKuTm6e/omMuNy/ZjWsgL7r6GEgb/6ec=', '0941000007', 'Hai Duong', 'member', 'ACTIVE', ''),
('Bui Khanh Linh', 'linhbk.b20cn052@stu.ptit.edu.vn', 'pbkdf2$65536$cG1hcmtldHN0dWRlbnQyNg==$8eK8eC/i/fnPKuTm6e/omMuNy/ZjWsgL7r6GEgb/6ec=', '0941000008', 'Ha Noi', 'member', 'ACTIVE', ''),
('Dang Quang Huy', 'huydq.b21at019@stu.ptit.edu.vn', 'pbkdf2$65536$cG1hcmtldHN0dWRlbnQyNg==$8eK8eC/i/fnPKuTm6e/omMuNy/ZjWsgL7r6GEgb/6ec=', '0941000009', 'Vinh Phuc', 'member', 'ACTIVE', ''),
('Nguyen Bao Ngoc', 'ngocnb.b22cn130@stu.ptit.edu.vn', 'pbkdf2$65536$cG1hcmtldHN0dWRlbnQyNg==$8eK8eC/i/fnPKuTm6e/omMuNy/ZjWsgL7r6GEgb/6ec=', '0941000010', 'Ha Nam', 'member', 'ACTIVE', ''),
('Pham Duc Long', 'longpd.b19cn088@stu.ptit.edu.vn', 'pbkdf2$65536$cG1hcmtldHN0dWRlbnQyNg==$8eK8eC/i/fnPKuTm6e/omMuNy/ZjWsgL7r6GEgb/6ec=', '0941000011', 'Ha Noi', 'member', 'LOCKED', ''),
('Trinh Thanh Son', 'sontt.b23at071@stu.ptit.edu.vn', 'pbkdf2$65536$cG1hcmtldHN0dWRlbnQyNg==$8eK8eC/i/fnPKuTm6e/omMuNy/ZjWsgL7r6GEgb/6ec=', '0941000012', 'Ninh Binh', 'member', 'ACTIVE', '');

UPDATE tblAccount SET banReason = 'Dang ban giao trinh gia mao' WHERE email = 'cuonglv.b21ce010@stu.ptit.edu.vn';
UPDATE tblAccount SET banReason = 'Tai khoan co dau hieu lua dao' WHERE email = 'longpd.b19cn088@stu.ptit.edu.vn';

INSERT INTO tblCategory (parentId, name, status) VALUES
(NULL, 'Hoc tap', 'ACTIVE'),
(1, 'Giao trinh', 'ACTIVE'),
(1, 'Do dung hoc tap', 'ACTIVE'),
(NULL, 'Dien tu', 'ACTIVE'),
(4, 'Laptop', 'ACTIVE'),
(4, 'Phu kien may tinh', 'ACTIVE'),
(4, 'Dien thoai', 'ACTIVE'),
(NULL, 'Do dung ca nhan', 'ACTIVE'),
(8, 'Do phong tro', 'ACTIVE'),
(8, 'Thoi trang', 'ACTIVE'),
(NULL, 'The thao', 'ACTIVE'),
(11, 'Dung cu the thao', 'ACTIVE'),
(NULL, 'Do an - Do uong', 'ACTIVE'),
(13, 'Do an vat', 'ACTIVE'),
(1, 'Tai lieu on thi', 'ACTIVE');

INSERT INTO tblPost (accountId, categoryId, title, description, price, quantity, status) VALUES
(2, 2, 'Giao trinh Giai tich 1', 'Sach moi 90%, co highlight nhe', 85000, 1, 'ACTIVE'),
(2, 3, 'Ban phim co Logitech', 'Dung tot, co day USB', 250000, 1, 'ACTIVE'),
(3, 2, 'De thi lap - Noi dung cam', 'Ban de thi cu (bai test bao cao)', 50000, 1, 'ACTIVE'),
(5, 5, 'Laptop Dell Latitude 5420', 'Core i5 gen 11, RAM 16GB, SSD 512GB, pin tot', 8200000, 1, 'ACTIVE'),
(6, 6, 'Chuot Logitech M331', 'Chuot silent, dung 3 thang, con hop', 180000, 1, 'ACTIVE'),
(7, 2, 'Giao trinh Cau truc du lieu', 'Sach dung cho mon CTDL&GT, con dep', 70000, 2, 'ACTIVE'),
(8, 15, 'Bo de on thi Lap trinh Java', 'Tong hop de va dap an tham khao', 45000, 5, 'ACTIVE'),
(9, 9, 'Den hoc Xiaomi', 'Den led 3 che do sang, day du sac', 220000, 1, 'ACTIVE'),
(10, 10, 'Ao khoac PTIT size L', 'Ao moi mac vai lan, giu am tot', 150000, 1, 'ACTIVE'),
(11, 7, 'Dien thoai iPhone 11 64GB', 'May quoc te, pin 82%, ngoai hinh dep', 5200000, 1, 'ACTIVE'),
(12, 6, 'Tai nghe Sony WH-CH510', 'Bluetooth on, pin trau', 550000, 1, 'ACTIVE'),
(13, 12, 'Vot cau long Yonex', 'Vot nhe, phu hop sinh vien moi choi', 320000, 1, 'ACTIVE'),
(14, 14, 'Combo snack dem deadline', 'Mi cay, banh gao, tra dao dong lon', 65000, 4, 'ACTIVE'),
(5, 3, 'May tinh Casio 580VN X', 'Dung tot, phim bam nhanh', 420000, 1, 'ACTIVE'),
(6, 5, 'MacBook Air M1 2020', 'RAM 8GB SSD 256GB, may dep, sac zin', 13500000, 1, 'ACTIVE'),
(7, 6, 'Ban phim co AKKO 3087', 'Switch blue, led trang, full phu kien', 950000, 1, 'ACTIVE'),
(8, 9, 'Ghe xoay hoc tap', 'Ghe con chac, co tay vin', 300000, 1, 'ACTIVE'),
(9, 2, 'Sach Nhap mon an toan thong tin', 'Sach photo dong gay can than', 60000, 3, 'ACTIVE'),
(10, 15, 'Tai lieu Toan roi rac', 'File in dong quyen, ghi chu ro rang', 55000, 2, 'ACTIVE'),
(11, 3, 'Balo laptop 15.6 inch', 'Chong soc, chong nuoc nhe', 230000, 1, 'ACTIVE'),
(12, 10, 'Giay the thao size 42', 'Giay con moi 85%, de em', 280000, 1, 'ACTIVE'),
(13, 12, 'Bong da Dong Luc', 'Bong da tap san truong, con moi', 120000, 1, 'ACTIVE'),
(14, 6, 'Man hinh Dell 24 inch', 'Full HD, co HDMI, mau on', 1600000, 1, 'ACTIVE'),
(16, 13, 'Tra sua dong chai', 'Hang moi trong ngay, nhan tai cong truong', 25000, 10, 'ACTIVE'),
(5, 4, 'Sac du phong 20000mAh', 'Sac nhanh 18W, con bao hanh', 350000, 1, 'ACTIVE'),
(6, 2, 'Giao trinh Mang may tinh', 'Sach con dep, it ghi chu', 80000, 1, 'ACTIVE'),
(7, 6, 'USB 64GB Kingston', 'USB 3.0, doc ghi on dinh', 90000, 3, 'ACTIVE'),
(8, 8, 'Bo moc treo quan ao', '10 moc inox, phu hop phong tro', 40000, 1, 'ACTIVE'),
(9, 11, 'Tham yoga', 'Tham day, it dung', 110000, 1, 'DELETED'),
(10, 5, 'Laptop ThinkPad X1 Carbon', 'May mong nhe, pin yeu can thay', 9800000, 1, 'ACTIVE'),
(11, 14, 'Banh mi que Hai Phong', 'Nhan dat theo set 5 cai', 50000, 6, 'ACTIVE'),
(12, 3, 'Bang ve Wacom One', 'Phu hop hoc thiet ke, day du cap', 700000, 1, 'ACTIVE'),
(13, 2, 'Giao trinh Co so du lieu', 'Ban in mau, con moi', 90000, 1, 'ACTIVE'),
(14, 7, 'Samsung Galaxy A52', 'May phu, man dep, pin on', 3300000, 1, 'ACTIVE'),
(16, 10, 'Ao so mi trang size M', 'Ao di thuc tap, con moi', 120000, 1, 'ACTIVE'),
(5, 6, 'Webcam Logitech C270', 'Hop online ro net, mic on', 260000, 1, 'ACTIVE');

INSERT INTO tblImage (postId, imageUrl) VALUES
(1, 'uploads/sample_book.png'),
(2, 'uploads/sample_keyboard.png'),
(3, 'uploads/sample_exam.png'),
(4, 'uploads/laptop_dell.png'),
(5, 'uploads/mouse_logitech.png'),
(6, 'uploads/book_ctdl.png'),
(7, 'uploads/java_exam.png'),
(8, 'uploads/desk_lamp.png'),
(9, 'uploads/jacket_ptit.png'),
(10, 'uploads/iphone11.png'),
(11, 'uploads/headphone_sony.png'),
(12, 'uploads/badminton.png'),
(13, 'uploads/snack_combo.png'),
(14, 'uploads/casio.png'),
(15, 'uploads/macbook_air.png'),
(16, 'uploads/akko_keyboard.png'),
(17, 'uploads/chair.png'),
(18, 'uploads/security_book.png'),
(19, 'uploads/discrete_math.png'),
(20, 'uploads/backpack.png'),
(21, 'uploads/shoes.png'),
(22, 'uploads/football.png'),
(23, 'uploads/monitor_dell.png'),
(24, 'uploads/milk_tea.png'),
(25, 'uploads/powerbank.png'),
(26, 'uploads/network_book.png'),
(27, 'uploads/usb_kingston.png'),
(28, 'uploads/hangers.png'),
(29, 'uploads/yoga_mat.png'),
(30, 'uploads/thinkpad.png'),
(31, 'uploads/banh_mi.png'),
(32, 'uploads/wacom.png'),
(33, 'uploads/database_book.png'),
(34, 'uploads/samsung_a52.png'),
(35, 'uploads/shirt_white.png'),
(36, 'uploads/webcam.png');

INSERT INTO tblReport (reporterId, postId, accountId, reason, status) VALUES
(2, 3, NULL, 'Noi dung cam', 'PENDING'),
(5, 10, NULL, 'Mo ta khong dung tinh trang may', 'PENDING'),
(6, NULL, 15, 'Tai khoan co dau hieu lua dao', 'RESOLVED'),
(8, 30, NULL, 'Gia ban khong ro rang', 'REJECTED'),
(9, NULL, 4, 'Tai khoan da tung dang bai vi pham', 'PENDING');

INSERT INTO tblReportEvidence (reportId, imageUrl) VALUES
(1, 'uploads/evidence1.png'),
(2, 'uploads/evidence_laptop.png'),
(3, 'uploads/evidence_account.png'),
(4, 'uploads/evidence_price.png'),
(5, 'uploads/evidence_repeat.png');

INSERT INTO tblNotification (title, content) VALUES
('Chao mung P-Market', 'He thong cho sinh vien PTIT da san sang!'),
('Quy dinh dang bai', 'Vui long ghi ro tinh trang, gia ban va hinh anh that cua san pham.'),
('Canh bao lua dao', 'Khong chuyen khoan truoc khi kiem tra thong tin nguoi ban.'),
('Bao tri he thong', 'He thong se bao tri nhanh vao 22:00 thu Sau.'),
('Khuyen khich cap nhat ho so', 'Sinh vien nen cap nhat so dien thoai de giao dich thuan tien hon.');

INSERT INTO tblUserNotification (notificationId, accountId, isRead) VALUES
(1, 2, FALSE),
(1, 3, TRUE),
(2, 2, TRUE),
(2, 5, FALSE),
(2, 6, FALSE),
(2, 7, TRUE),
(3, 8, FALSE),
(3, 9, FALSE),
(3, 10, TRUE),
(4, 11, FALSE),
(4, 12, FALSE),
(5, 13, TRUE),
(5, 14, FALSE),
(5, 16, FALSE);

INSERT INTO tblChatRoom (id) VALUES
(1), (2), (3), (4), (5);

INSERT INTO tblChatRoomMember (chatRoomId, accountId) VALUES
(1, 2), (1, 3),
(2, 5), (2, 6),
(3, 7), (3, 8),
(4, 9), (4, 10),
(5, 11), (5, 12);

INSERT INTO tblMessage (chatRoomId, accountId, content, imageUrl) VALUES
(1, 2, 'Ban oi sach Giai tich con khong?', NULL),
(1, 3, 'Con nhe, ban qua cong truong xem duoc khong?', NULL),
(2, 5, 'Minh muon xem chuot Logitech chieu nay.', NULL),
(2, 6, 'Ok, minh mang len giang duong A2.', NULL),
(3, 7, 'Tai lieu Java co dap an khong ban?', NULL),
(3, 8, 'Co dap an va ghi chu cua thay nua.', NULL),
(4, 9, 'Ao khoac PTIT con fix gia khong?', NULL),
(4, 10, 'Ban lay nhanh minh bot 20k.', NULL),
(5, 11, 'Tai nghe Sony pin dung duoc bao lau?', NULL),
(5, 12, 'Khoang 15 tieng, minh van dung hang ngay.', NULL);
