INSERT INTO tblAccount (fullName, email, password, phone, address, role, status) VALUES
('Quản trị viên', 'admin@ptit.edu.vn', 'pbkdf2$65536$cG1hcmtldGFkbWluMjAyNg==$ty8LVtBu8Ga3DIpup00nJYZKthuX5FLf4yB2eudw2a4=', '0900000001', 'PTIT', 'admin', 'ACTIVE'),
('Nguyễn Văn Anh', 'anhnv.b21ce009@stu.ptit.edu.vn', 'pbkdf2$65536$cG1hcmtldHN0dWRlbnQyNg==$8eK8eC/i/fnPKuTm6e/omMuNy/ZjWsgL7r6GEgb/6ec=', '0912345678', 'Hà Nội', 'member', 'ACTIVE'),
('Trần Thị Bình', 'binhtt.b22ce001@stu.ptit.edu.vn', 'pbkdf2$65536$cG1hcmtldHN0dWRlbnQyNg==$8eK8eC/i/fnPKuTm6e/omMuNy/ZjWsgL7r6GEgb/6ec=', '0923456789', 'Hà Nội', 'member', 'ACTIVE'),
('Lê Văn Cường', 'cuonglv.b21ce010@stu.ptit.edu.vn', 'pbkdf2$65536$cG1hcmtldHN0dWRlbnQyNg==$8eK8eC/i/fnPKuTm6e/omMuNy/ZjWsgL7r6GEgb/6ec=', '0934567890', 'Hải Phòng', 'member', 'BANNED'),
('Phạm Mai Phương', 'phuongpm.b22cn101@stu.ptit.edu.vn', 'pbkdf2$65536$cG1hcmtldHN0dWRlbnQyNg==$8eK8eC/i/fnPKuTm6e/omMuNy/ZjWsgL7r6GEgb/6ec=', '0941000001', 'Hà Nội', 'member', 'ACTIVE'),
('Đỗ Minh Khang', 'khangdm.b21at012@stu.ptit.edu.vn', 'pbkdf2$65536$cG1hcmtldHN0dWRlbnQyNg==$8eK8eC/i/fnPKuTm6e/omMuNy/ZjWsgL7r6GEgb/6ec=', '0941000002', 'Bắc Ninh', 'member', 'ACTIVE'),
('Vũ Hoàng Nam', 'namvh.b20cn045@stu.ptit.edu.vn', 'pbkdf2$65536$cG1hcmtldHN0dWRlbnQyNg==$8eK8eC/i/fnPKuTm6e/omMuNy/ZjWsgL7r6GEgb/6ec=', '0941000003', 'Nam Định', 'member', 'ACTIVE'),
('Nguyễn Thu Hà', 'hant.b23cn090@stu.ptit.edu.vn', 'pbkdf2$65536$cG1hcmtldHN0dWRlbnQyNg==$8eK8eC/i/fnPKuTm6e/omMuNy/ZjWsgL7r6GEgb/6ec=', '0941000004', 'Hà Nội', 'member', 'ACTIVE'),
('Trần Gia Bảo', 'baotg.b22at033@stu.ptit.edu.vn', 'pbkdf2$65536$cG1hcmtldHN0dWRlbnQyNg==$8eK8eC/i/fnPKuTm6e/omMuNy/ZjWsgL7r6GEgb/6ec=', '0941000005', 'Thái Bình', 'member', 'ACTIVE'),
('Lê Minh Châu', 'chaulm.b21cn066@stu.ptit.edu.vn', 'pbkdf2$65536$cG1hcmtldHN0dWRlbnQyNg==$8eK8eC/i/fnPKuTm6e/omMuNy/ZjWsgL7r6GEgb/6ec=', '0941000006', 'Hưng Yên', 'member', 'ACTIVE'),
('Hoàng Đức Anh', 'anhhd.b23cn122@stu.ptit.edu.vn', 'pbkdf2$65536$cG1hcmtldHN0dWRlbnQyNg==$8eK8eC/i/fnPKuTm6e/omMuNy/ZjWsgL7r6GEgb/6ec=', '0941000007', 'Hải Dương', 'member', 'ACTIVE'),
('Bùi Khánh Linh', 'linhbk.b20cn052@stu.ptit.edu.vn', 'pbkdf2$65536$cG1hcmtldHN0dWRlbnQyNg==$8eK8eC/i/fnPKuTm6e/omMuNy/ZjWsgL7r6GEgb/6ec=', '0941000008', 'Hà Nội', 'member', 'ACTIVE'),
('Đặng Quang Huy', 'huydq.b21at019@stu.ptit.edu.vn', 'pbkdf2$65536$cG1hcmtldHN0dWRlbnQyNg==$8eK8eC/i/fnPKuTm6e/omMuNy/ZjWsgL7r6GEgb/6ec=', '0941000009', 'Vĩnh Phúc', 'member', 'ACTIVE'),
('Nguyễn Bảo Ngọc', 'ngocnb.b22cn130@stu.ptit.edu.vn', 'pbkdf2$65536$cG1hcmtldHN0dWRlbnQyNg==$8eK8eC/i/fnPKuTm6e/omMuNy/ZjWsgL7r6GEgb/6ec=', '0941000010', 'Hà Nam', 'member', 'ACTIVE'),
('Phạm Đức Long', 'longpd.b19cn088@stu.ptit.edu.vn', 'pbkdf2$65536$cG1hcmtldHN0dWRlbnQyNg==$8eK8eC/i/fnPKuTm6e/omMuNy/ZjWsgL7r6GEgb/6ec=', '0941000011', 'Hà Nội', 'member', 'BANNED'),
('Trịnh Thành Sơn', 'sontt.b23at071@stu.ptit.edu.vn', 'pbkdf2$65536$cG1hcmtldHN0dWRlbnQyNg==$8eK8eC/i/fnPKuTm6e/omMuNy/ZjWsgL7r6GEgb/6ec=', '0941000012', 'Ninh Bình', 'member', 'ACTIVE'),
('Mai Anh Tuấn', 'tuanma.b24cn015@stu.ptit.edu.vn', 'pbkdf2$65536$cG1hcmtldHN0dWRlbnQyNg==$8eK8eC/i/fnPKuTm6e/omMuNy/ZjWsgL7r6GEgb/6ec=', '0941000013', 'Hà Nội', 'member', 'ACTIVE'),
('Ngô Phương Linh', 'linhnp.b23at044@stu.ptit.edu.vn', 'pbkdf2$65536$cG1hcmtldHN0dWRlbnQyNg==$8eK8eC/i/fnPKuTm6e/omMuNy/ZjWsgL7r6GEgb/6ec=', '0941000014', 'Bắc Giang', 'member', 'ACTIVE'),
('Đinh Quốc Việt', 'vietdq.b22cn118@stu.ptit.edu.vn', 'pbkdf2$65536$cG1hcmtldHN0dWRlbnQyNg==$8eK8eC/i/fnPKuTm6e/omMuNy/ZjWsgL7r6GEgb/6ec=', '0941000015', 'Thanh Hóa', 'member', 'ACTIVE'),
('Người dùng thường', 'user01@stu.ptit.edu.vn', 'pbkdf2$65536$cG1hcmtldHN0dWRlbnQyNg==$8eK8eC/i/fnPKuTm6e/omMuNy/ZjWsgL7r6GEgb/6ec=', '0900000002', 'Hà Nội', 'member', 'ACTIVE');

UPDATE tblAccount SET banReason = 'Đăng bán giáo trình giả mạo' WHERE email = 'cuonglv.b21ce010@stu.ptit.edu.vn';
UPDATE tblAccount SET banReason = 'Tài khoản có dấu hiệu lừa đảo' WHERE email = 'longpd.b19cn088@stu.ptit.edu.vn';

INSERT INTO tblCategory (parentId, name, status) VALUES
(NULL, 'Học tập', 'ACTIVE'),
(1, 'Giáo trình', 'ACTIVE'),
(1, 'Đồ dùng học tập', 'ACTIVE'),
(NULL, 'Điện tử', 'ACTIVE'),
(4, 'Laptop', 'ACTIVE'),
(4, 'Phụ kiện máy tính', 'ACTIVE'),
(4, 'Điện thoại', 'ACTIVE'),
(NULL, 'Đồ dùng cá nhân', 'ACTIVE'),
(8, 'Đồ phòng trọ', 'ACTIVE'),
(8, 'Thời trang', 'ACTIVE'),
(NULL, 'Thể thao', 'ACTIVE'),
(11, 'Dụng cụ thể thao', 'ACTIVE'),
(NULL, 'Đồ ăn - Đồ uống', 'ACTIVE'),
(13, 'Đồ ăn vặt', 'ACTIVE'),
(1, 'Tài liệu ôn thi', 'ACTIVE');

INSERT INTO tblPost (accountId, categoryId, title, description, price, quantity, status) VALUES
(2, 2, 'Giáo trình Giải tích 1', 'Sách mới 90%, có highlight nhẹ', 85000, 1, 'ACTIVE'),
(2, 3, 'Bàn phím cơ Logitech', 'Dùng tốt, có dây USB', 250000, 1, 'ACTIVE'),
(3, 2, 'Đề thi lậu - Nội dung cấm', 'Bán đề thi cũ (bài kiểm thử báo cáo)', 50000, 1, 'ACTIVE'),
(5, 5, 'Laptop Dell Latitude 5420', 'Core i5 gen 11, RAM 16GB, SSD 512GB, pin tốt', 8200000, 1, 'ACTIVE'),
(6, 6, 'Chuột Logitech M331', 'Chuột silent, dùng 3 tháng, còn hộp', 180000, 1, 'ACTIVE'),
(7, 2, 'Giáo trình Cấu trúc dữ liệu', 'Sách dùng cho môn CTDL&GT, còn đẹp', 70000, 2, 'ACTIVE'),
(8, 15, 'Bộ đề ôn thi Lập trình Java', 'Tổng hợp đề và đáp án tham khảo', 45000, 5, 'ACTIVE'),
(9, 9, 'Đèn học Xiaomi', 'Đèn led 3 chế độ sáng, đầy đủ sạc', 220000, 1, 'ACTIVE'),
(10, 10, 'Áo khoác PTIT size L', 'Áo mới mặc vài lần, giữ ấm tốt', 150000, 1, 'ACTIVE'),
(11, 7, 'Điện thoại iPhone 11 64GB', 'Máy quốc tế, pin 82%, ngoại hình đẹp', 5200000, 1, 'ACTIVE'),
(12, 6, 'Tai nghe Sony WH-CH510', 'Bluetooth ổn, pin trâu', 550000, 1, 'ACTIVE'),
(13, 12, 'Vợt cầu lông Yonex', 'Vợt nhẹ, phù hợp sinh viên mới chơi', 320000, 1, 'ACTIVE'),
(14, 14, 'Combo snack đêm deadline', 'Mì cay, bánh gạo, trà đào đóng lon', 65000, 4, 'ACTIVE'),
(5, 3, 'Máy tính Casio 580VN X', 'Dùng tốt, phím bấm nhanh', 420000, 1, 'ACTIVE'),
(6, 5, 'MacBook Air M1 2020', 'RAM 8GB SSD 256GB, máy đẹp, sạc zin', 13500000, 1, 'ACTIVE'),
(7, 6, 'Bàn phím cơ AKKO 3087', 'Switch blue, led trắng, full phụ kiện', 950000, 1, 'ACTIVE'),
(8, 9, 'Ghế xoay học tập', 'Ghế còn chắc, có tay vịn', 300000, 1, 'ACTIVE'),
(9, 2, 'Sách Nhập môn an toàn thông tin', 'Sách photo đóng gáy cẩn thận', 60000, 3, 'ACTIVE'),
(10, 15, 'Tài liệu Toán rời rạc', 'File in đóng quyển, ghi chú rõ ràng', 55000, 2, 'ACTIVE'),
(11, 3, 'Balo laptop 15.6 inch', 'Chống sốc, chống nước nhẹ', 230000, 1, 'ACTIVE'),
(12, 10, 'Giày thể thao size 42', 'Giày còn mới 85%, đế êm', 280000, 1, 'ACTIVE'),
(13, 12, 'Bóng đá Động Lực', 'Bóng đá tập sân trường, còn mới', 120000, 1, 'ACTIVE'),
(14, 6, 'Màn hình Dell 24 inch', 'Full HD, có HDMI, màu ổn', 1600000, 1, 'ACTIVE'),
(16, 13, 'Trà sữa đóng chai', 'Hàng mới trong ngày, nhận tại cổng trường', 25000, 10, 'ACTIVE'),
(5, 4, 'Sạc dự phòng 20000mAh', 'Sạc nhanh 18W, còn bảo hành', 350000, 1, 'ACTIVE'),
(6, 2, 'Giáo trình Mạng máy tính', 'Sách còn đẹp, ít ghi chú', 80000, 1, 'ACTIVE'),
(7, 6, 'USB 64GB Kingston', 'USB 3.0, đọc ghi ổn định', 90000, 3, 'ACTIVE'),
(8, 8, 'Bộ móc treo quần áo', '10 móc inox, phù hợp phòng trọ', 40000, 1, 'ACTIVE'),
(9, 11, 'Thảm yoga', 'Thảm dày, ít dùng', 110000, 1, 'DELETED'),
(10, 5, 'Laptop ThinkPad X1 Carbon', 'Máy mỏng nhẹ, pin yếu cần thay', 9800000, 1, 'ACTIVE'),
(11, 14, 'Bánh mì que Hải Phòng', 'Nhận đặt theo set 5 cái', 50000, 6, 'ACTIVE'),
(12, 3, 'Bảng vẽ Wacom One', 'Phù hợp học thiết kế, đầy đủ cáp', 700000, 1, 'ACTIVE'),
(13, 2, 'Giáo trình Cơ sở dữ liệu', 'Bản in màu, còn mới', 90000, 1, 'ACTIVE'),
(14, 7, 'Samsung Galaxy A52', 'Máy phụ, màn đẹp, pin ổn', 3300000, 1, 'ACTIVE'),
(16, 10, 'Áo sơ mi trắng size M', 'Áo đi thực tập, còn mới', 120000, 1, 'ACTIVE'),
(5, 6, 'Webcam Logitech C270', 'Họp online rõ nét, mic ổn', 260000, 1, 'ACTIVE'),
(17, 5, 'Laptop HP ProBook 440 G8', 'Core i5 gen 11, RAM 8GB, SSD 256GB, phù hợp học lập trình', 7600000, 1, 'ACTIVE'),
(17, 3, 'Bút vẽ kỹ thuật set 6 cây', 'Set bút đi nét, còn mới 90%', 75000, 1, 'ACTIVE'),
(18, 7, 'Điện thoại Xiaomi Redmi Note 12', 'Máy dùng ổn, pin tốt, tặng ốp lưng', 3600000, 1, 'ACTIVE'),
(18, 14, 'Cà phê lon học đêm', 'Combo 6 lon, hạn sử dụng còn xa', 90000, 2, 'ACTIVE'),
(19, 2, 'Giáo trình Kiến trúc máy tính', 'Sách có ghi chú, phù hợp ôn thi giữa kỳ', 65000, 1, 'ACTIVE'),
(19, 6, 'Router WiFi TP-Link', 'Router 2 băng tần, dùng tốt cho phòng trọ', 300000, 1, 'ACTIVE');

INSERT INTO tblImage (postId, imageUrl) VALUES
(1, 'uploads/sample_book.png'),
(2, 'uploads/sample_keyboard.png'),
(3, 'uploads/sample_exam.png'),
(4, 'uploads/laptop_dell.png'),
(5, 'uploads/mouse_logitech.png'),
(6, 'uploads/book_ctdl.png'),
(7, 'uploads/java_exam.png'),
(8, 'uploads/desk_lamp.png'),
(9, 'uploads/jacket_ptit.png'),
(10, 'uploads/iphone11.png'),
(11, 'uploads/headphone_sony.png'),
(12, 'uploads/badminton.png'),
(13, 'uploads/snack_combo.png'),
(14, 'uploads/casio.png'),
(15, 'uploads/macbook_air.png'),
(16, 'uploads/akko_keyboard.png'),
(17, 'uploads/chair.png'),
(18, 'uploads/security_book.png'),
(19, 'uploads/discrete_math.png'),
(20, 'uploads/backpack.png'),
(21, 'uploads/shoes.png'),
(22, 'uploads/football.png'),
(23, 'uploads/monitor_dell.png'),
(24, 'uploads/milk_tea.png'),
(25, 'uploads/powerbank.png'),
(26, 'uploads/network_book.png'),
(27, 'uploads/usb_kingston.png'),
(28, 'uploads/hangers.png'),
(29, 'uploads/yoga_mat.png'),
(30, 'uploads/thinkpad.png'),
(31, 'uploads/banh_mi.png'),
(32, 'uploads/wacom.png'),
(33, 'uploads/database_book.png'),
(34, 'uploads/samsung_a52.png'),
(35, 'uploads/shirt_white.png'),
(36, 'uploads/webcam.png'),
(37, 'uploads/hp_probook.png'),
(38, 'uploads/technical_pens.png'),
(39, 'uploads/redmi_note_12.png'),
(40, 'uploads/coffee_combo.png'),
(41, 'uploads/computer_architecture_book.png'),
(42, 'uploads/tplink_router.png');

INSERT INTO tblReport (reporterId, postId, accountId, reason, status) VALUES
(2, 3, NULL, 'Nội dung cấm', 'PENDING'),
(5, 10, NULL, 'Mô tả không đúng tình trạng máy', 'PENDING'),
(6, NULL, 15, 'Tài khoản có dấu hiệu lừa đảo', 'RESOLVED'),
(8, 30, NULL, 'Giá bán không rõ ràng', 'REJECTED'),
(9, NULL, 4, 'Tài khoản đã từng đăng bài vi phạm', 'PENDING');

INSERT INTO tblReportEvidence (reportId, imageUrl) VALUES
(1, 'uploads/evidence1.png'),
(2, 'uploads/evidence_laptop.png'),
(3, 'uploads/evidence_account.png'),
(4, 'uploads/evidence_price.png'),
(5, 'uploads/evidence_repeat.png');

INSERT INTO tblNotification (title, content) VALUES
('Chào mừng P-Market', 'Hệ thống chợ sinh viên PTIT đã sẵn sàng!'),
('Quy định đăng bài', 'Vui lòng ghi rõ tình trạng, giá bán và hình ảnh thật của sản phẩm.'),
('Cảnh báo lừa đảo', 'Không chuyển khoản trước khi kiểm tra thông tin người bán.'),
('Bảo trì hệ thống', 'Hệ thống sẽ bảo trì nhanh vào 22:00 thứ Sáu.'),
('Khuyến khích cập nhật hồ sơ', 'Sinh viên nên cập nhật số điện thoại để giao dịch thuận tiện hơn.');

INSERT INTO tblUserNotification (notificationId, accountId, isRead) VALUES
(1, 2, FALSE),
(1, 3, TRUE),
(2, 2, TRUE),
(2, 5, FALSE),
(2, 6, FALSE),
(2, 7, TRUE),
(3, 8, FALSE),
(3, 9, FALSE),
(3, 10, TRUE),
(4, 11, FALSE),
(4, 12, FALSE),
(5, 13, TRUE),
(5, 14, FALSE),
(5, 16, FALSE);

INSERT INTO tblChatRoom (id) VALUES
(1), (2), (3), (4), (5);

INSERT INTO tblChatRoomMember (chatRoomId, accountId) VALUES
(1, 2), (1, 3),
(2, 5), (2, 6),
(3, 7), (3, 8),
(4, 9), (4, 10),
(5, 11), (5, 12);

INSERT INTO tblMessage (chatRoomId, accountId, content, imageUrl) VALUES
(1, 2, 'Bạn ơi sách Giải tích còn không?', NULL),
(1, 3, 'Còn nhé, bạn qua cổng trường xem được không?', NULL),
(2, 5, 'Mình muốn xem chuột Logitech chiều nay.', NULL),
(2, 6, 'Ok, mình mang lên giảng đường A2.', NULL),
(3, 7, 'Tài liệu Java có đáp án không bạn?', NULL),
(3, 8, 'Có đáp án và ghi chú của thầy nữa.', NULL),
(4, 9, 'Áo khoác PTIT còn fix giá không?', NULL),
(4, 10, 'Bạn lấy nhanh mình bớt 20k.', NULL),
(5, 11, 'Tai nghe Sony pin dùng được bao lâu?', NULL),
(5, 12, 'Khoảng 15 tiếng, mình vẫn dùng hằng ngày.', NULL);
